{
    "vertices":[6.79062,0.873237,-20.5844,13.1836,0.873237,-20.5844,13.1836,0.873237,-20.3624,6.79062,0.873237,-20.3624,6.79062,7.26624,-20.5844,13.1836,7.26624,-20.5844,13.1836,7.26624,-20.3624,6.79062,7.26624,-20.3624],
    "faces":[43,0,1,2,3,0,0,1,2,3,0,1,1,2,0,1,1,2,0,1,2,3,0,0,0,0,43,4,7,6,5,0,4,5,6,7,3,4,5,6,3,4,5,6,4,5,6,7,1,1,1,1,43,0,4,5,1,0,0,4,7,1,0,3,6,1,0,3,6,1,0,4,7,1,2,2,2,2,43,2,6,7,3,0,2,6,5,3,1,5,4,2,1,5,4,2,2,6,5,3,3,3,3,3,43,4,0,3,7,0,4,0,3,5,3,0,2,4,3,0,2,4,4,0,3,5,4,4,4,4],
    "normals":[0,-0,1,0,0,-1,-0,-1,-0,-0,1,-0,-1,-8e-06,-0],
    "metadata":{
        "generator":"io_three",
        "type":"Geometry",
        "normals":5,
        "materials":1,
        "version":3,
        "vertices":8,
        "uvs":4,
        "faces":23
    },
    "materials":[{
        "blending":"NormalBlending",
        "specularCoef":50,
        "colorDiffuse":[0.64,0.64,0.64],
        "DbgIndex":0,
        "opacity":1,
        "transparent":false,
        "shading":"phong",
        "colorSpecular":[0.5,0.5,0.5],
        "visible":true,
        "wireframe":false,
        "DbgName":"Layers",
        "depthTest":true,
        "DbgColor":15658734,
		"mapDiffuseWrap": ["RepeatWrapping", "RepeatWrapping"],
		"mapDiffuse": "Layers Baked.png",
        "colorEmissive":[0,0,0],
        "depthWrite":true
    }],
    "name":"LayersGeometry.1",
    "uvs":[[0,0,1,0,1,0,0,0,0,1,0,1,0.999999,1,1,1],[0,0,1,0,0,0,1e-06,1,0,1,0.999999,1,1,1],[0,0,1,0,0,0,1e-06,1,0,1,0.999999,1,1,1],[0,0,1,0,1,0,0,0,1e-06,1,0,1,1,1,1,1]]
}