{
    "vertices":[-23.9395,1.23128,-20.5844,-17.5465,1.23128,-20.5844,-17.5465,1.23128,-20.3624,-23.9395,1.23128,-20.3624,-23.9395,7.62428,-20.5844,-17.5465,7.62428,-20.5844,-17.5465,7.62428,-20.3624,-23.9395,7.62428,-20.3624],
    "faces":[43,0,1,2,3,0,0,1,2,3,0,0,0,0,43,4,7,6,5,0,4,5,6,7,1,1,1,1,43,0,4,5,1,0,0,4,7,1,2,2,2,2,43,2,6,7,3,0,2,6,5,3,3,3,3,3,43,4,0,3,7,0,4,0,3,5,4,4,4,4],
    "normals":[0,-0,1,0,0,-1,-0,-1,-0,-0,1,-0,-1,-4e-06,-0],
    "metadata":{
        "generator":"io_three",
        "type":"Geometry",
        "normals":5,
        "materials":1,
        "version":3,
        "vertices":8,
        "uvs":1,
        "faces":5
    },
    "materials":[{
        "blending":"NormalBlending",
        "specularCoef":50,
        "colorDiffuse":[0.64,0.64,0.64],
        "DbgIndex":0,
        "opacity":1,
        "transparent":false,
        "shading":"phong",
        "colorSpecular":[0.5,0.5,0.5],
        "visible":true,
        "wireframe":false,
        "DbgName":"Utopia",
        "depthTest":true,
        "DbgColor":15658734,
		"mapDiffuseWrap": ["RepeatWrapping", "RepeatWrapping"],
		"mapDiffuse": "Utopia Baked.png",
        "colorEmissive":[0,0,0],
        "depthWrite":true
    }],
    "name":"UtopiaGeometry.3",
    "uvs":[[0,0,1,0,1,0,0,0,0,1,0,1,0.999999,1,1,1]]
}